<DATE>,<TIME>,<OPEN>,<HIGH>,<LOW>,<CLOSE>,<VOL>
20200702,000000,1792.0000000,1792.0000000,1610.0000000,1666.0000000,307363
20200703,000000,1682.0000000,1776.6000000,1665.0000000,1754.8000000,372035
20200706,000000,1803.2000000,1918.0000000,1763.8000000,1852.0000000,915188
20200707,000000,1899.0000000,1927.4000000,1852.0000000,1873.0000000,643193
20200708,000000,1880.0000000,1889.8000000,1835.0000000,1838.6000000,136683
20200709,000000,1845.0000000,1855.0000000,1782.6000000,1808.0000000,165055
20200710,000000,1804.0000000,1838.0000000,1803.4000000,1811.8000000,88820
20200713,000000,1822.4000000,1838.0000000,1818.0000000,1822.0000000,90603
20200714,000000,1823.0000000,1824.8000000,1781.4000000,1786.6000000,95013
20200715,000000,1790.0000000,1845.0000000,1790.0000000,1811.8000000,117678
20200716,000000,1801.4000000,1822.0000000,1801.4000000,1821.0000000,43330
20200717,000000,1825.0000000,1840.0000000,1808.0000000,1827.0000000,101119
20200720,000000,1827.0000000,1841.6000000,1810.2000000,1822.0000000,103368
20200721,000000,1830.0000000,1878.6000000,1830.0000000,1851.2000000,168971
20200722,000000,1855.2000000,1874.2000000,1835.6000000,1863.0000000,181213
20200723,000000,1886.0000000,1915.6000000,1876.6000000,1911.0000000,330180
20200724,000000,1912.0000000,1915.8000000,1882.8000000,1906.2000000,204869
20200727,000000,1915.8000000,1935.0000000,1905.2000000,1915.0000000,183102
20200728,000000,1915.2000000,1990.6000000,1915.0000000,1985.0000000,168197
20200729,000000,2020.6000000,2021.6000000,1985.0000000,2005.8000000,259106
20200730,000000,2018.8000000,2026.0000000,1970.2000000,1990.0000000,119237
20200731,000000,2004.0000000,2022.0000000,1960.0000000,1975.0000000,117978
20200803,000000,2001.2000000,2051.2000000,1994.2000000,2028.0000000,271084
20200804,000000,2049.8000000,2062.0000000,2016.0000000,2043.0000000,226814
20200805,000000,2054.8000000,2054.8000000,2025.0000000,2031.4000000,175816
20200806,000000,2039.6000000,2040.0000000,1980.0000000,1985.0000000,265695
20200807,000000,2008.4000000,2010.0000000,1972.0000000,1986.0000000,164251
20200810,000000,1999.8000000,2009.0000000,1970.0000000,1999.4000000,116975
20200811,000000,2000.0000000,2008.0000000,1970.0000000,1973.0000000,286111
20200812,000000,1974.0000000,1989.4000000,1957.0000000,1986.6000000,132904
20200813,000000,1990.0000000,2055.0000000,1975.0000000,2044.0000000,396169
20200814,000000,2042.4000000,2085.0000000,2015.0000000,2079.8000000,344086
20200817,000000,2086.8000000,2145.8000000,2080.0000000,2106.0000000,553436
20200818,000000,2109.8000000,2138.4000000,2060.2000000,2080.0000000,305196
20200819,000000,2085.8000000,2195.0000000,2083.0000000,2163.0000000,583979
20200820,000000,2169.4000000,2189.2000000,2110.0000000,2128.8000000,454478
20200821,000000,2148.8000000,2224.0000000,2120.2000000,2150.0000000,538357
20200824,000000,2174.8000000,2214.8000000,2172.2000000,2182.6000000,416076
20200825,000000,2192.0000000,2344.8000000,2190.0000000,2314.0000000,752539
20200826,000000,2350.0000000,2360.0000000,2282.2000000,2337.6000000,1113914
20200827,000000,2348.0000000,2448.0000000,2304.0000000,2335.2000000,1023040
20200828,000000,2340.0000000,2359.0000000,2262.8000000,2299.0000000,599807
20200831,000000,2314.2000000,2364.8000000,2304.8000000,2350.0000000,365700
20200901,000000,2364.8000000,2415.8000000,2341.0000000,2390.0000000,526733
20200902,000000,2403.4000000,2418.0000000,2310.8000000,2316.8000000,447650
20200903,000000,2321.0000000,2375.0000000,2230.0000000,2268.0000000,524341
20200904,000000,2255.6000000,2310.0000000,2160.0000000,2200.0000000,686244
20200907,000000,2220.0000000,2223.6000000,2169.8000000,2182.2000000,287688
20200908,000000,2200.0000000,2205.0000000,2069.2000000,2110.2000000,574521
20200909,000000,2106.6000000,2170.0000000,2072.4000000,2143.0000000,371264
20200910,000000,2169.0000000,2181.2000000,2117.0000000,2138.2000000,280920
20200911,000000,2145.2000000,2155.6000000,2120.0000000,2129.0000000,252689
20200914,000000,2141.8000000,2247.0000000,2136.2000000,2210.0000000,460891
20200915,000000,2237.4000000,2288.0000000,2211.6000000,2228.8000000,414885
20200916,000000,2235.0000000,2259.8000000,2166.0000000,2177.0000000,490152
20200917,000000,2160.0000000,2222.0000000,2134.0000000,2222.0000000,657544
20200918,000000,2192.0000000,2224.0000000,2172.4000000,2220.0000000,347154
20200921,000000,2222.0000000,2238.0000000,2170.2000000,2202.4000000,413107
20200922,000000,2202.2000000,2357.6000000,2188.0000000,2307.2000000,875397
20200923,000000,2350.2000000,2439.8000000,2206.2000000,2325.2000000,1844103
20200924,000000,2296.8000000,2296.8000000,2179.0000000,2216.6000000,2175024
20200925,000000,2227.0000000,2229.4000000,2163.0000000,2200.0000000,692691
20200928,000000,2183.0000000,2240.0000000,2170.0000000,2210.0000000,797180
20200929,000000,2218.0000000,2219.4000000,2135.0000000,2156.2000000,1012171
20200930,000000,2143.0000000,2147.4000000,2115.0000000,2135.0000000,833900
20201001,000000,2148.8000000,2174.8000000,2127.0000000,2156.4000000,409838
20201002,000000,2148.8000000,2219.0000000,2117.2000000,2201.4000000,602789
20201005,000000,2220.0000000,2224.8000000,2178.6000000,2198.2000000,404522
20201006,000000,2200.0000000,2202.0000000,2152.0000000,2156.4000000,369914
20201007,000000,2170.2000000,2175.0000000,2132.4000000,2152.6000000,249829
20201008,000000,2160.0000000,2196.4000000,2157.0000000,2170.8000000,423617
20201009,000000,2183.2000000,2185.4000000,2150.4000000,2167.8000000,276065
20201012,000000,2171.2000000,2250.0000000,2170.0000000,2239.0000000,777269
20201013,000000,2244.8000000,2283.4000000,2235.2000000,2268.0000000,757343
20201014,000000,2270.4000000,2292.0000000,2241.6000000,2266.8000000,364850
20201015,000000,2269.0000000,2270.0000000,2242.6000000,2256.8000000,300010
20201016,000000,2256.0000000,2318.4000000,2250.0000000,2289.0000000,523357
20201019,000000,2300.0000000,2324.8000000,2275.4000000,2295.6000000,386100
20201020,000000,2297.8000000,2305.0000000,2261.0000000,2269.0000000,282211
20201021,000000,2270.0000000,2273.6000000,2241.8000000,2257.4000000,274580
20201022,000000,2252.0000000,2274.2000000,2228.4000000,2249.8000000,348922
20201023,000000,2232.4000000,2250.6000000,2224.4000000,2242.0000000,375004
20201026,000000,2230.0000000,2320.0000000,2150.0000000,2163.0000000,867358
20201027,000000,2175.0000000,2180.0000000,2102.0000000,2151.0000000,1295753
20201028,000000,2141.0000000,2159.0000000,2071.2000000,2109.0000000,745476
20201029,000000,2114.8000000,2248.2000000,2099.8000000,2127.6000000,370007
20201030,000000,2117.8000000,2117.8000000,2080.0000000,2090.0000000,321898
20201102,000000,2096.0000000,2137.4000000,2071.0000000,2119.8000000,431847
20201103,000000,2134.8000000,2148.8000000,2100.0000000,2119.8000000,478646
20201105,000000,2125.6000000,2200.0000000,2125.6000000,2196.2000000,905713
20201106,000000,2185.0000000,2253.6000000,2159.0000000,2242.0000000,588792
20201109,000000,2260.4000000,2291.0000000,2236.0000000,2264.0000000,867678
20201110,000000,2268.2000000,2297.4000000,2202.0000000,2250.0000000,920956
20201111,000000,2310.0000000,2333.8000000,2210.4000000,2234.0000000,1896374
20201112,000000,2240.0000000,2269.0000000,2205.8000000,2216.6000000,866174
20201113,000000,2226.4000000,2244.4000000,2210.0000000,2227.0000000,569851
20201116,000000,2229.8000000,2250.0000000,2178.6000000,2206.8000000,1078412
20201117,000000,2198.0000000,2216.0000000,2161.0000000,2177.4000000,734321
20201118,000000,2175.0000000,2193.0000000,2151.2000000,2166.0000000,745204
20201119,000000,2174.2000000,2197.0000000,2132.6000000,2140.8000000,848127
20201120,000000,2147.0000000,2164.4000000,2130.2000000,2155.0000000,692635
20201123,000000,2167.0000000,2209.2000000,2160.0000000,2180.0000000,1118823
20201124,000000,2190.0000000,2206.0000000,2152.0000000,2175.6000000,1149268
20201125,000000,2179.4000000,2208.6000000,2170.0000000,2197.0000000,1464804
20201126,000000,2200.0000000,2259.8000000,2191.0000000,2256.8000000,1389778
20201127,000000,2260.6000000,2290.6000000,2248.2000000,2280.8000000,1327901
20201130,000000,2290.0000000,2295.0000000,2169.8000000,2193.0000000,8514985
20201201,000000,2206.6000000,2207.0000000,2157.8000000,2174.0000000,1229986
20201202,000000,2171.2000000,2185.0000000,2152.4000000,2163.0000000,587842
20201203,000000,2161.0000000,2174.0000000,2142.2000000,2160.0000000,668654
20201204,000000,2171.4000000,2171.8000000,2130.0000000,2141.8000000,689972
20201207,000000,2147.0000000,2150.0000000,2105.0000000,2114.8000000,711631
20201208,000000,2110.0000000,2147.0000000,2095.6000000,2126.6000000,953310
20201209,000000,2122.0000000,2137.0000000,2105.0000000,2110.4000000,674157
20201210,000000,2114.2000000,2122.0000000,2085.4000000,2095.0000000,665762
20201211,000000,2110.0000000,2133.2000000,2090.4000000,2111.0000000,680533
20201214,000000,2114.4000000,2121.8000000,2080.0000000,2085.2000000,535145
20201215,000000,2094.8000000,2095.0000000,2073.2000000,2086.0000000,467253
20201216,000000,2082.0000000,2093.0000000,1978.4000000,2063.8000000,550856
20201217,000000,2074.6000000,2077.8000000,2021.0000000,2049.6000000,731165
20201218,000000,2049.0000000,2049.8000000,1980.0000000,2007.4000000,874774
20201221,000000,2011.2000000,2029.8000000,1952.2000000,2000.8000000,927546
20201222,000000,2009.6000000,2018.6000000,1965.8000000,1979.0000000,540760
20201223,000000,1978.2000000,1995.0000000,1959.2000000,1973.2000000,451357
20201224,000000,1973.0000000,1994.8000000,1960.0000000,1982.6000000,474717
20201225,000000,1985.2000000,2047.6000000,1974.2000000,2025.0000000,624058
20201228,000000,2034.8000000,2049.6000000,1990.2000000,1999.0000000,618072
20201229,000000,2007.8000000,2010.0000000,1966.0000000,1975.8000000,652519
20201230,000000,1977.4000000,1993.8000000,1970.0000000,1980.8000000,476873
20210104,000000,1990.0000000,1999.0000000,1980.0000000,1984.8000000,392692
20210105,000000,1989.0000000,2057.6000000,1979.0000000,2041.8000000,745005
20210106,000000,2039.8000000,2077.0000000,1998.2000000,2005.6000000,825941
20210108,000000,2013.0000000,2037.2000000,2005.0000000,2016.0000000,600224
20210111,000000,2016.0000000,2073.0000000,2006.2000000,2059.0000000,775688
20210112,000000,2063.8000000,2086.6000000,2015.8000000,2044.8000000,554443
20210113,000000,2033.6000000,2049.0000000,2000.2000000,2017.4000000,448602
20210114,000000,2012.2000000,2029.0000000,1940.4000000,1987.8000000,1144165
20210115,000000,1979.2000000,1996.6000000,1950.2000000,1967.0000000,498506
20210118,000000,1964.8000000,1988.0000000,1945.4000000,1958.6000000,485328
20210119,000000,1965.4000000,1969.8000000,1924.0000000,1935.4000000,913306
20210120,000000,1932.6000000,1968.2000000,1925.4000000,1966.2000000,400037
20210121,000000,1962.0000000,1988.0000000,1934.2000000,1950.8000000,887546
20210122,000000,1950.0000000,1963.0000000,1939.0000000,1951.0000000,380923
20210125,000000,1952.0000000,1967.0000000,1943.2000000,1959.8000000,414373
20210126,000000,1959.2000000,1984.0000000,1950.0000000,1979.4000000,491488
20210127,000000,1985.4000000,2010.4000000,1961.2000000,1990.0000000,736262
20210128,000000,1990.0000000,2003.8000000,1965.6000000,1979.2000000,560934
20210129,000000,1974.8000000,1992.8000000,1920.2000000,1962.0000000,587278
20210201,000000,1962.0000000,1987.0000000,1936.0000000,1977.0000000,543961
20210202,000000,1976.0000000,2017.0000000,1971.4000000,1990.4000000,518247
20210203,000000,1998.6000000,2025.0000000,1978.4000000,2014.8000000,448008
20210204,000000,2018.0000000,2041.8000000,2012.2000000,2037.6000000,384430
20210205,000000,2035.2000000,2052.0000000,2023.0000000,2042.0000000,389525
20210208,000000,2042.0000000,2053.2000000,2019.0000000,2023.0000000,370670
20210209,000000,2028.4000000,2035.0000000,2001.0000000,2013.6000000,315689
20210210,000000,2025.8000000,2035.0000000,2010.2000000,2013.6000000,385312
20210211,000000,2019.8000000,2029.8000000,2013.2000000,2020.2000000,233881
20210212,000000,2025.0000000,2032.8000000,1977.0000000,2004.8000000,569616
20210215,000000,2006.0000000,2027.6000000,2004.0000000,2021.2000000,229093
20210216,000000,2024.0000000,2048.0000000,2006.4000000,2039.8000000,441171
20210217,000000,2040.0000000,2053.0000000,2001.0000000,2024.2000000,465231
20210218,000000,2015.2000000,2022.6000000,1993.2000000,1997.4000000,413517
20210219,000000,1997.4000000,2032.8000000,1985.0000000,2018.8000000,286011
20210220,000000,2021.8000000,2025.0000000,2010.0000000,2019.2000000,38733
20210222,000000,2018.0000000,2023.8000000,1996.0000000,2002.4000000,320976
20210224,000000,2003.0000000,2050.0000000,1995.2000000,2041.8000000,602434
20210225,000000,2043.0000000,2047.2000000,2005.0000000,2007.6000000,280794
20210226,000000,2008.0000000,2039.2000000,1987.6000000,2011.4000000,900672
20210301,000000,2017.0000000,2022.2000000,2005.0000000,2013.0000000,207351
20210302,000000,2010.0000000,2031.8000000,1998.0000000,2007.0000000,358293
20210303,000000,2011.0000000,2024.0000000,2001.0000000,2010.0000000,221049
20210304,000000,2016.6000000,2026.6000000,1936.6000000,1938.8000000,663395
20210305,000000,1955.0000000,1955.0000000,1860.0000000,1908.2000000,756607
20210309,000000,1901.8000000,1904.8000000,1860.2000000,1884.0000000,745188
20210310,000000,1884.0000000,1914.6000000,1836.2000000,1851.8000000,797669
20210311,000000,1852.2000000,1871.2000000,1841.2000000,1861.8000000,445134
20210312,000000,1862.0000000,1867.0000000,1805.2000000,1827.0000000,996967
20210315,000000,1825.0000000,1845.0000000,1808.2000000,1834.0000000,671355
20210316,000000,1839.8000000,1840.8000000,1805.2000000,1810.2000000,675473
20210317,000000,1813.0000000,1829.0000000,1800.0000000,1818.8000000,729379
20210318,000000,1820.0000000,1824.0000000,1795.0000000,1804.0000000,646739
20210319,000000,1805.8000000,1813.0000000,1780.4000000,1792.0000000,603077
20210322,000000,1793.0000000,1799.2000000,1782.2000000,1794.2000000,379820
20210323,000000,1790.6000000,1790.6000000,1742.4000000,1749.0000000,707190
20210324,000000,1753.0000000,1763.8000000,1728.6000000,1741.2000000,398988
20210325,000000,1745.2000000,1745.2000000,1700.2000000,1716.0000000,512575
20210326,000000,1713.6000000,1741.4000000,1711.0000000,1732.0000000,431065
20210329,000000,1733.8000000,1771.0000000,1731.2000000,1755.8000000,406811
20210330,000000,1761.0000000,1789.8000000,1738.8000000,1750.0000000,511040
20210331,000000,1750.8000000,1754.0000000,1714.4000000,1738.0000000,582620
20210401,000000,1740.0000000,1759.6000000,1724.8000000,1751.8000000,402634
20210402,000000,1760.0000000,1773.0000000,1750.2000000,1770.2000000,158859
20210405,000000,1764.0000000,1800.0000000,1752.0000000,1790.2000000,254922
20210406,000000,1788.0000000,1796.8000000,1745.6000000,1759.4000000,391742
20210407,000000,1766.2000000,1771.0000000,1736.2000000,1748.0000000,344093
20210408,000000,1748.0000000,1759.0000000,1731.4000000,1743.6000000,246472
20210409,000000,1759.6000000,1759.6000000,1704.2000000,1717.2000000,472162
20210412,000000,1719.8000000,1756.4000000,1714.6000000,1750.2000000,470006
20210413,000000,1751.2000000,1799.0000000,1749.2000000,1787.2000000,511199
20210414,000000,1785.0000000,1825.6000000,1757.6000000,1803.2000000,761943
20210415,000000,1804.8000000,1805.0000000,1750.4000000,1765.0000000,644301
20210416,000000,1769.0000000,1776.6000000,1740.2000000,1750.6000000,407929
20210419,000000,1745.2000000,1755.2000000,1725.0000000,1739.0000000,329420
20210420,000000,1743.2000000,1751.8000000,1701.4000000,1720.0000000,744202
20210421,000000,1715.0000000,1721.6000000,1685.0000000,1695.0000000,803140
20210422,000000,1698.0000000,1743.2000000,1692.6000000,1728.4000000,796544
20210423,000000,1733.4000000,1746.0000000,1710.0000000,1735.2000000,347521
20210426,000000,1739.4000000,1742.4000000,1721.4000000,1731.2000000,192524
20210427,000000,1732.0000000,1748.0000000,1721.0000000,1722.2000000,259865
20210428,000000,1728.8000000,1735.4000000,1703.0000000,1719.6000000,303975
20210429,000000,1726.6000000,1738.8000000,1694.2000000,1707.0000000,492168
20210430,000000,1709.6000000,1714.0000000,1674.4000000,1681.2000000,646024
20210504,000000,1691.0000000,1695.0000000,1652.2000000,1662.8000000,529444
20210505,000000,1666.0000000,1674.8000000,1656.0000000,1663.0000000,347153
20210506,000000,1666.6000000,1666.8000000,1630.0000000,1642.6000000,619984
20210507,000000,1647.0000000,1649.0000000,1621.8000000,1636.8000000,421577
20210510,000000,1640.6000000,1641.2000000,1610.6000000,1613.0000000,308326
20210511,000000,1616.0000000,1617.4000000,1567.6000000,1588.6000000,848005
20210512,000000,1588.6000000,1594.8000000,1551.0000000,1553.0000000,645431
20210513,000000,1553.0000000,1554.6000000,1502.8000000,1505.0000000,1036882
20210514,000000,1511.2000000,1516.6000000,1465.8000000,1516.4000000,942160
20210517,000000,1527.2000000,1532.8000000,1491.0000000,1516.8000000,710691
20210518,000000,1520.8000000,1552.0000000,1509.0000000,1549.2000000,811947
20210519,000000,1550.6000000,1554.2000000,1501.0000000,1517.0000000,526280
20210520,000000,1518.0000000,1520.2000000,1500.2000000,1509.8000000,340911
20210521,000000,1510.0000000,1546.0000000,1500.6000000,1530.6000000,422014
20210524,000000,1530.6000000,1563.8000000,1530.0000000,1562.2000000,321404
20210525,000000,1564.0000000,1573.8000000,1552.0000000,1570.0000000,331201
20210526,000000,1573.6000000,1632.6000000,1572.2000000,1630.2000000,954488
20210527,000000,1630.2000000,1709.0000000,1615.2000000,1680.0000000,1786185
20210528,000000,1676.8000000,1697.8000000,1642.0000000,1669.6000000,709406
20210531,000000,1674.6000000,1701.4000000,1665.6000000,1673.6000000,368876
20210601,000000,1680.0000000,1717.0000000,1676.0000000,1693.4000000,515323
20210602,000000,1694.0000000,1705.8000000,1672.2000000,1678.6000000,329439
20210603,000000,1687.2000000,1689.0000000,1660.0000000,1673.6000000,309199
20210604,000000,1673.8000000,1681.4000000,1639.2000000,1669.8000000,290302
20210607,000000,1674.6000000,1674.6000000,1652.2000000,1663.0000000,214502
20210608,000000,1662.0000000,1683.6000000,1660.0000000,1662.6000000,293967
20210609,000000,1666.8000000,1680.0000000,1658.0000000,1670.0000000,270701
20210610,000000,1670.6000000,1673.4000000,1654.0000000,1664.0000000,327171
20210611,000000,1665.6000000,1668.2000000,1628.0000000,1637.8000000,320821
20210614,000000,1640.8000000,1644.6000000,1625.4000000,1636.6000000,142312
20210615,000000,1636.6000000,1637.4000000,1616.6000000,1618.0000000,246525
20210616,000000,1615.2000000,1624.4000000,1597.0000000,1600.6000000,580801
20210617,000000,1603.0000000,1642.8000000,1587.8000000,1631.4000000,401455
20210618,000000,1638.0000000,1646.8000000,1611.8000000,1624.2000000,373970
20210621,000000,1630.8000000,1643.2000000,1608.2000000,1614.0000000,274223
20210622,000000,1621.0000000,1621.2000000,1592.0000000,1601.0000000,389909
20210623,000000,1602.2000000,1609.0000000,1581.8000000,1602.2000000,349094
20210624,000000,1604.4000000,1604.4000000,1581.4000000,1590.0000000,244223
20210625,000000,1593.8000000,1620.0000000,1588.8000000,1610.8000000,241976
20210628,000000,1610.8000000,1630.0000000,1602.0000000,1627.2000000,309855
20210629,000000,1628.0000000,1645.0000000,1591.4000000,1622.0000000,427988
20210630,000000,1616.0000000,1664.0000000,1605.4000000,1655.6000000,397655
20210701,000000,1657.2000000,1677.6000000,1643.4000000,1669.4000000,361049
20210702,000000,1670.0000000,1679.0000000,1650.0000000,1661.2000000,199716
20210705,000000,1667.8000000,1668.8000000,1637.2000000,1658.0000000,193552
20210706,000000,1658.0000000,1665.2000000,1643.4000000,1649.0000000,350720
20210707,000000,1650.4000000,1669.2000000,1646.8000000,1649.0000000,259954
20210708,000000,1649.0000000,1650.4000000,1623.6000000,1629.8000000,300085
20210709,000000,1626.6000000,1641.0000000,1605.0000000,1616.0000000,233526
20210712,000000,1614.6000000,1620.6000000,1599.4000000,1619.6000000,181586
20210713,000000,1619.4000000,1650.0000000,1612.2000000,1642.4000000,216623
20210714,000000,1647.8000000,1647.8000000,1606.0000000,1607.0000000,291297
20210715,000000,1606.0000000,1618.8000000,1578.0000000,1585.2000000,437482
20210716,000000,1594.8000000,1604.0000000,1557.6000000,1560.8000000,277366
20210719,000000,1561.4000000,1567.4000000,1513.4000000,1528.6000000,451228
20210720,000000,1534.8000000,1543.0000000,1516.4000000,1534.0000000,205688
20210721,000000,1536.0000000,1564.2000000,1525.8000000,1541.0000000,175222
20210722,000000,1553.0000000,1557.8000000,1533.4000000,1549.0000000,172300
20210723,000000,1549.8000000,1560.0000000,1525.0000000,1539.0000000,148757
20210726,000000,1536.2000000,1547.2000000,1523.0000000,1544.0000000,140897
20210727,000000,1544.0000000,1544.0000000,1508.8000000,1517.4000000,233678
20210728,000000,1523.6000000,1554.6000000,1519.2000000,1548.6000000,192010
20210729,000000,1555.0000000,1558.4000000,1515.4000000,1520.4000000,508863
20210730,000000,1517.6000000,1523.2000000,1500.6000000,1514.8000000,430663
20210802,000000,1519.2000000,1520.6000000,1500.4000000,1506.4000000,250450
20210803,000000,1506.4000000,1508.8000000,1470.0000000,1481.4000000,513667
20210804,000000,1483.2000000,1491.8000000,1478.4000000,1487.8000000,205847
20210805,000000,1490.4000000,1508.0000000,1480.4000000,1507.0000000,239633
20210806,000000,1507.8000000,1526.0000000,1495.6000000,1506.0000000,266920
20210809,000000,1504.2000000,1521.6000000,1495.4000000,1505.6000000,183866
20210810,000000,1510.2000000,1519.2000000,1502.0000000,1515.0000000,252210
20210811,000000,1518.8000000,1549.0000000,1513.4000000,1543.0000000,353070
20210812,000000,1549.4000000,1553.8000000,1525.8000000,1536.6000000,204407
20210813,000000,1536.6000000,1539.0000000,1508.2000000,1513.8000000,217272
20210816,000000,1513.8000000,1514.4000000,1486.0000000,1494.0000000,301687
20210817,000000,1491.2000000,1500.0000000,1478.0000000,1488.8000000,263812
20210818,000000,1490.0000000,1496.2000000,1480.0000000,1482.0000000,181284
20210819,000000,1481.0000000,1487.6000000,1466.0000000,1482.6000000,337864
20210820,000000,1483.0000000,1483.0000000,1438.6000000,1441.6000000,466932
20210823,000000,1444.8000000,1456.4000000,1413.8000000,1426.2000000,436935
20210824,000000,1432.0000000,1438.8000000,1419.0000000,1436.4000000,288082
20210825,000000,1437.0000000,1449.4000000,1426.4000000,1436.0000000,369496
20210826,000000,1435.0000000,1442.6000000,1421.0000000,1432.2000000,208221
20210827,000000,1432.2000000,1436.0000000,1420.0000000,1430.2000000,219027
20210830,000000,1430.2000000,1443.8000000,1425.2000000,1436.0000000,192590
20210831,000000,1440.0000000,1486.8000000,1438.4000000,1484.4000000,698413
20210901,000000,1488.0000000,1521.2000000,1469.0000000,1519.0000000,602714
20210902,000000,1514.8000000,1545.2000000,1505.6000000,1535.2000000,451711
20210903,000000,1542.2000000,1544.0000000,1506.0000000,1541.0000000,274721
20210906,000000,1541.0000000,1561.0000000,1531.2000000,1541.2000000,302195
20210907,000000,1542.0000000,1547.6000000,1512.0000000,1536.0000000,296865
20210908,000000,1539.2000000,1542.4000000,1522.6000000,1529.8000000,230097
20210909,000000,1525.0000000,1530.2000000,1512.2000000,1514.8000000,202724
20210910,000000,1518.0000000,1534.8000000,1515.4000000,1530.8000000,199093
20210913,000000,1533.2000000,1592.4000000,1530.2000000,1586.4000000,613423
20210914,000000,1590.0000000,1594.8000000,1564.8000000,1571.2000000,457639
20210915,000000,1577.6000000,1586.0000000,1553.4000000,1557.2000000,229283
20210916,000000,1557.4000000,1572.0000000,1540.2000000,1559.2000000,359493
20210917,000000,1566.6000000,1582.8000000,1558.2000000,1570.4000000,340402
20210920,000000,1570.2000000,1576.2000000,1515.0000000,1521.4000000,411345
20210921,000000,1527.6000000,1546.8000000,1516.2000000,1535.0000000,250749
20210922,000000,1540.0000000,1540.2000000,1521.4000000,1537.8000000,202833
20210923,000000,1541.8000000,1544.4000000,1501.2000000,1515.0000000,356138
20210924,000000,1513.0000000,1530.0000000,1508.0000000,1525.4000000,210060
20210927,000000,1525.6000000,1530.2000000,1480.8000000,1487.0000000,389023
20210928,000000,1489.8000000,1516.2000000,1477.8000000,1498.2000000,303863
20210929,000000,1500.0000000,1503.2000000,1488.0000000,1497.2000000,133296
20210930,000000,1503.2000000,1506.2000000,1481.0000000,1488.0000000,253361
20211001,000000,1483.2000000,1487.6000000,1474.0000000,1481.8000000,165429
20211004,000000,1484.0000000,1487.6000000,1448.2000000,1461.8000000,269232
20211005,000000,1457.0000000,1478.4000000,1437.6000000,1466.0000000,298879
20211006,000000,1466.0000000,1470.4000000,1431.2000000,1448.2000000,332168
20211007,000000,1458.2000000,1495.0000000,1442.8000000,1495.0000000,351315
20211008,000000,1495.2000000,1498.4000000,1460.0000000,1465.0000000,268731
20211011,000000,1468.6000000,1470.2000000,1438.0000000,1456.6000000,308805
20211012,000000,1456.6000000,1489.2000000,1447.2000000,1468.0000000,440577
20211013,000000,1462.8000000,1478.4000000,1452.6000000,1473.2000000,215627
20211014,000000,1476.8000000,1486.8000000,1470.0000000,1472.8000000,252264
20211015,000000,1468.2000000,1499.6000000,1468.2000000,1495.0000000,281633
20211018,000000,1499.0000000,1571.0000000,1491.0000000,1570.6000000,780974
20211019,000000,1571.6000000,1591.0000000,1563.4000000,1573.8000000,488968
20211020,000000,1572.0000000,1619.4000000,1572.0000000,1614.8000000,536853
20211021,000000,1609.0000000,1618.6000000,1586.0000000,1596.2000000,367976
20211022,000000,1602.6000000,1603.0000000,1538.0000000,1546.0000000,572028
20211025,000000,1545.0000000,1555.8000000,1522.0000000,1547.0000000,389985
20211026,000000,1557.0000000,1557.2000000,1509.0000000,1515.4000000,292053
20211027,000000,1515.0000000,1546.2000000,1502.8000000,1540.2000000,382913
20211028,000000,1539.0000000,1545.2000000,1484.6000000,1504.2000000,708834
20211029,000000,1504.2000000,1509.0000000,1443.6000000,1461.2000000,685916
20211101,000000,1473.0000000,1473.0000000,1439.8000000,1463.4000000,513701
20211102,000000,1465.0000000,1469.0000000,1434.0000000,1441.4000000,404439
20211103,000000,1442.4000000,1457.4000000,1437.2000000,1449.8000000,234928
20211105,000000,1452.0000000,1453.4000000,1427.0000000,1438.0000000,222612
20211108,000000,1442.0000000,1457.0000000,1426.2000000,1433.8000000,345328
20211109,000000,1428.8000000,1435.6000000,1400.6000000,1405.0000000,565948
20211110,000000,1409.0000000,1415.6000000,1371.6000000,1379.4000000,598352
20211111,000000,1389.4000000,1397.2000000,1371.2000000,1391.0000000,385666
20211112,000000,1395.0000000,1413.8000000,1378.0000000,1403.0000000,581613
20211115,000000,1405.0000000,1414.0000000,1384.0000000,1388.8000000,314129
20211116,000000,1393.4000000,1401.0000000,1378.0000000,1389.4000000,319555
20211117,000000,1385.0000000,1400.0000000,1380.2000000,1380.8000000,253253
20211118,000000,1380.8000000,1398.8000000,1376.4000000,1385.0000000,280243
20211119,000000,1390.8000000,1395.0000000,1320.0000000,1325.8000000,1016709
20211122,000000,1329.0000000,1339.2000000,1259.2000000,1280.0000000,1101739
20211123,000000,1280.0000000,1296.0000000,1256.4000000,1295.0000000,765551
20211124,000000,1305.0000000,1311.8000000,1266.8000000,1290.2000000,442730
20211125,000000,1291.6000000,1301.6000000,1268.2000000,1279.0000000,326323
20211126,000000,1268.0000000,1268.0000000,1203.0000000,1206.8000000,775285
20211129,000000,1219.0000000,1265.4000000,1212.6000000,1244.8000000,661610
20211130,000000,1210.0000000,1267.4000000,1210.0000000,1247.0000000,892553
20211201,000000,1257.0000000,1300.0000000,1254.4000000,1264.8000000,570964
20211202,000000,1270.4000000,1378.6000000,1260.0000000,1348.2000000,1872952
20211203,000000,1346.8000000,1347.2000000,1212.4000000,1240.8000000,1832216
20211206,000000,1245.4000000,1272.0000000,1155.0000000,1167.8000000,1203592
20211207,000000,1165.0000000,1173.2000000,1088.2000000,1111.0000000,2139075
20211208,000000,1121.8000000,1129.4000000,1016.4000000,1041.4000000,2375378
20211209,000000,1042.8000000,1042.8000000,1001.2000000,1015.0000000,1805462
20211210,000000,1018.4000000,1053.8000000,983.0000000,986.6000000,1406697
20211213,000000,987.0000000,993.0000000,901.0000000,905.8000000,3177325
20211214,000000,914.4000000,950.0000000,842.8000000,897.4000000,1784849
20211215,000000,900.0000000,973.8000000,883.6000000,961.0000000,2233053
20211216,000000,966.0000000,1019.0000000,951.4000000,982.8000000,2446215
20211217,000000,983.4000000,1002.2000000,940.0000000,962.0000000,1109830
20211220,000000,957.2000000,957.8000000,891.0000000,912.0000000,1132272
20211221,000000,915.2000000,948.0000000,915.0000000,924.6000000,766397
20211222,000000,925.0000000,929.6000000,895.0000000,912.2000000,917610
20211223,000000,917.2000000,918.0000000,872.6000000,880.2000000,1592364
20211224,000000,878.4000000,884.2000000,850.0000000,877.0000000,1703934
20211227,000000,877.2000000,899.0000000,877.0000000,884.8000000,1136067
20211228,000000,887.8000000,894.2000000,870.0000000,876.6000000,1012474
20211229,000000,876.2000000,883.0000000,860.0000000,865.4000000,674672
20211230,000000,865.4000000,874.0000000,859.4000000,872.4000000,390664
20220103,000000,873.0000000,889.8000000,869.0000000,885.8000000,467181
20220104,000000,885.2000000,888.6000000,865.2000000,874.0000000,580650
20220105,000000,874.0000000,878.8000000,813.2000000,816.2000000,1320091
20220106,000000,814.8000000,836.2000000,774.0000000,793.0000000,2258597
20220110,000000,796.0000000,805.0000000,752.6000000,766.8000000,1338224
20220111,000000,770.0000000,780.2000000,756.0000000,770.8000000,1341603
20220112,000000,770.0000000,791.6000000,763.0000000,770.4000000,1678976
20220113,000000,768.0000000,783.0000000,739.4000000,754.6000000,1513122
20220114,000000,754.0000000,765.0000000,660.0000000,686.4000000,4356559
20220117,000000,686.4000000,722.2000000,652.0000000,710.6000000,2461356
20220118,000000,712.0000000,718.8000000,640.0000000,662.8000000,4020323
20220119,000000,665.0000000,696.8000000,612.2000000,675.6000000,4364347
20220120,000000,680.0000000,741.0000000,670.4000000,683.0000000,2822684
20220121,000000,684.0000000,688.4000000,640.2000000,645.8000000,2456141
20220124,000000,651.0000000,662.4000000,556.8000000,596.2000000,5360718
20220125,000000,595.0000000,613.4000000,562.2000000,594.2000000,3143841
20220126,000000,595.8000000,604.0000000,567.8000000,583.0000000,2973843
20220127,000000,576.0000000,609.4000000,571.0000000,591.2000000,3582583
20220128,000000,594.4000000,607.8000000,585.0000000,597.0000000,2296372
20220131,000000,599.0000000,635.0000000,597.2000000,630.0000000,2904545
20220201,000000,630.4000000,666.6000000,630.4000000,655.6000000,2948496
20220202,000000,660.0000000,685.0000000,615.6000000,633.0000000,2999827
20220203,000000,623.8000000,624.8000000,588.8000000,602.0000000,2681231
20220204,000000,610.0000000,623.0000000,555.0000000,580.8000000,3017420
20220207,000000,583.0000000,592.8000000,564.8000000,581.8000000,1389619
20220208,000000,578.4000000,614.0000000,578.2000000,609.8000000,1416060
20220209,000000,610.0000000,639.6000000,609.0000000,635.0000000,1495157
20220210,000000,647.6000000,656.4000000,598.4000000,607.4000000,2667606
20220211,000000,608.8000000,612.0000000,575.0000000,584.8000000,1772253
20220214,000000,583.8000000,596.0000000,559.8000000,596.0000000,2040152
20220215,000000,594.2000000,628.6000000,594.2000000,617.4000000,2076256
20220216,000000,619.6000000,640.0000000,596.0000000,614.6000000,2152759
20220217,000000,612.6000000,614.2000000,580.0000000,588.0000000,1613561
20220218,000000,589.0000000,601.6000000,549.4000000,559.2000000,2196013
20220221,000000,557.2000000,580.6000000,399.8000000,420.0000000,10781850
20220222,000000,419.8000000,485.8000000,348.2000000,479.8000000,9240415
20220224,000000,429.2000000,429.2000000,235.0000000,309.0000000,5102571
20220225,000000,277.2000000,366.4000000,277.2000000,296.0000000,3471329
20220329,000000,299.8000000,534.4000000,299.0000000,510.0000000,3370260
20220330,000000,596.0000000,699.8000000,530.4000000,559.4000000,5816792
20220331,000000,564.0000000,596.0000000,510.6000000,567.0000000,2579556
20220401,000000,578.0000000,578.8000000,530.0000000,556.2000000,1238278
20220404,000000,563.2000000,565.0000000,515.0000000,536.0000000,1117648
20220405,000000,543.0000000,543.2000000,476.8000000,502.2000000,1303779
20220406,000000,502.2000000,550.0000000,483.0000000,502.0000000,1799072
20220407,000000,502.0000000,524.6000000,490.0000000,492.0000000,757546
20220408,000000,506.0000000,523.0000000,486.0000000,497.8000000,854444
20220411,000000,520.4000000,520.4000000,486.0000000,488.0000000,514762
20220412,000000,489.8000000,490.8000000,454.8000000,468.8000000,529586
20220413,000000,465.8000000,481.8000000,457.6000000,466.8000000,393778
20220414,000000,468.4000000,473.6000000,426.0000000,430.2000000,562180
20220415,000000,425.4000000,440.2000000,407.8000000,422.6000000,475414
20220418,000000,424.4000000,467.4000000,423.0000000,426.0000000,927099
20220419,000000,429.6000000,442.8000000,400.2000000,422.0000000,681876
20220420,000000,434.6000000,459.6000000,413.0000000,437.8000000,1006404
20220421,000000,440.4000000,444.4000000,421.6000000,425.4000000,325361
20220422,000000,425.4000000,441.0000000,411.2000000,416.8000000,378375
20220425,000000,409.6000000,425.0000000,360.2000000,370.6000000,843064
20220426,000000,370.0000000,390.0000000,358.4000000,378.2000000,1100035
20220427,000000,383.0000000,432.0000000,378.2000000,432.0000000,1700973
20220428,000000,441.4000000,457.0000000,401.0000000,404.0000000,2897541
20220429,000000,403.0000000,416.6000000,390.2000000,399.0000000,811832
20220504,000000,404.0000000,417.8000000,386.0000000,386.8000000,635802
20220505,000000,395.0000000,396.0000000,380.0000000,386.0000000,383293
20220506,000000,387.8000000,388.8000000,370.0000000,374.6000000,325089
20220511,000000,376.0000000,383.6000000,362.2000000,370.0000000,304582
20220512,000000,371.0000000,371.0000000,326.4000000,338.4000000,513335
20220513,000000,349.8000000,349.8000000,333.2000000,339.0000000,204558
20220516,000000,345.0000000,355.0000000,341.2000000,349.0000000,284738
20220517,000000,358.0000000,365.0000000,350.2000000,357.2000000,276895
20220518,000000,362.0000000,384.4000000,355.4000000,375.2000000,563871
20220519,000000,377.2000000,379.8000000,360.0000000,361.6000000,219465
20220520,000000,363.0000000,370.0000000,349.0000000,350.2000000,331022
20220523,000000,355.2000000,368.8000000,341.0000000,345.0000000,287436
20220524,000000,349.0000000,349.0000000,324.0000000,335.6000000,264982
20220525,000000,340.4000000,344.8000000,335.6000000,344.8000000,172799
20220526,000000,346.8000000,364.4000000,345.0000000,351.4000000,424824
20220527,000000,352.0000000,357.0000000,342.2000000,347.0000000,245180
20220530,000000,348.8000000,357.8000000,340.0000000,340.2000000,254313
20220531,000000,333.8000000,343.0000000,331.6000000,336.0000000,210962
20220601,000000,336.4000000,346.0000000,331.0000000,333.4000000,256646
20220602,000000,333.0000000,337.4000000,325.2000000,328.8000000,289643
20220603,000000,330.0000000,330.6000000,303.8000000,307.8000000,567239
20220606,000000,308.0000000,308.0000000,285.0000000,288.0000000,816872
20220607,000000,284.8000000,289.2000000,266.0000000,280.2000000,756666
20220608,000000,283.4000000,296.8000000,283.4000000,290.0000000,404245
20220609,000000,285.4000000,288.8000000,275.8000000,279.0000000,310678
20220610,000000,279.2000000,284.4000000,270.2000000,280.0000000,256510
20220614,000000,275.2000000,278.8000000,257.4000000,269.0000000,349683
20220615,000000,275.0000000,305.0000000,271.2000000,300.8000000,1714325
20220616,000000,307.4000000,322.8000000,301.2000000,313.6000000,1300808
20220617,000000,317.0000000,322.2000000,303.0000000,308.0000000,635276
20220620,000000,309.2000000,315.8000000,302.2000000,310.0000000,365772
20220621,000000,311.0000000,313.2000000,292.0000000,300.0000000,348583
20220622,000000,296.4000000,297.8000000,287.4000000,292.8000000,232857
20220623,000000,293.0000000,314.4000000,290.4000000,310.6000000,855826
20220624,000000,311.4000000,311.8000000,297.8000000,302.8000000,353533
20220627,000000,302.8000000,318.4000000,301.0000000,316.2000000,681779
20220628,000000,315.8000000,339.0000000,315.0000000,338.4000000,1126839
20220629,000000,339.0000000,339.4000000,317.0000000,324.0000000,513440
20220630,000000,324.0000000,330.0000000,292.0000000,302.4000000,729316
20220701,000000,300.0000000,308.6000000,292.0000000,303.0000000,333415
20220704,000000,303.0000000,325.0000000,301.6000000,315.6000000,651009
20220705,000000,319.0000000,321.2000000,308.0000000,314.8000000,330256
20220706,000000,313.8000000,335.2000000,310.6000000,321.0000000,1385622
20220707,000000,325.0000000,332.8000000,321.8000000,332.8000000,534402
20220708,000000,336.0000000,341.6000000,323.2000000,328.8000000,458232
20220711,000000,329.4000000,332.8000000,321.0000000,323.0000000,239379
20220712,000000,322.8000000,322.8000000,304.2000000,319.8000000,450565
20220713,000000,320.8000000,323.8000000,301.0000000,307.8000000,463040
20220714,000000,306.0000000,312.2000000,297.0000000,300.8000000,302685
20220715,000000,302.8000000,311.6000000,301.0000000,307.6000000,327898
20220718,000000,312.4000000,327.0000000,306.0000000,322.2000000,505676
20220719,000000,325.0000000,325.8000000,311.4000000,319.6000000,227355
20220720,000000,321.0000000,326.0000000,315.0000000,315.8000000,430806
20220721,000000,317.0000000,319.0000000,306.2000000,311.4000000,271197
20220722,000000,312.8000000,321.2000000,312.0000000,318.2000000,203123
20220725,000000,320.2000000,360.2000000,315.6000000,360.2000000,2027423
20220726,000000,362.2000000,410.0000000,361.0000000,410.0000000,3708982
20220727,000000,416.0000000,424.0000000,390.0000000,400.0000000,2141299
20220728,000000,402.8000000,420.0000000,392.4000000,414.4000000,1925238
20220729,000000,415.0000000,419.2000000,399.0000000,409.0000000,1173296
20220801,000000,408.0000000,413.0000000,385.0000000,391.0000000,747955
20220802,000000,387.0000000,390.4000000,365.2000000,365.6000000,734954
20220803,000000,365.6000000,402.4000000,365.2000000,402.4000000,1304230
20220804,000000,409.6000000,431.4000000,407.0000000,413.8000000,2055487
20220805,000000,415.6000000,421.2000000,383.2000000,387.6000000,1288792
20220808,000000,408.4000000,419.6000000,401.4000000,411.8000000,767922
20220809,000000,415.8000000,448.0000000,402.0000000,444.0000000,2024996
20220810,000000,450.0000000,482.0000000,443.0000000,461.0000000,3092018
20220811,000000,455.0000000,455.0000000,405.2000000,407.0000000,3546439
20220812,000000,404.4000000,425.0000000,391.2000000,418.0000000,1943199
20220815,000000,414.2000000,423.8000000,404.4000000,411.0000000,738090
20220816,000000,413.8000000,415.6000000,407.0000000,413.8000000,485142
20220817,000000,425.0000000,433.0000000,416.4000000,419.6000000,975696
20220818,000000,422.0000000,422.0000000,411.4000000,416.2000000,262373
20220819,000000,412.8000000,414.8000000,404.0000000,414.4000000,355476
20220822,000000,415.0000000,430.2000000,410.2000000,421.8000000,772951
20220823,000000,426.8000000,447.8000000,419.2000000,447.8000000,1434112
20220824,000000,447.8000000,449.6000000,425.2000000,429.0000000,866758
20220825,000000,430.8000000,440.0000000,430.0000000,433.2000000,363343
20220826,000000,435.2000000,437.6000000,430.4000000,436.8000000,183252
20220829,000000,436.0000000,439.8000000,426.2000000,433.0000000,409401
20220830,000000,433.0000000,438.0000000,425.4000000,429.2000000,572692
20220831,000000,431.0000000,441.0000000,412.2000000,428.0000000,592451
20220901,000000,429.0000000,429.8000000,420.2000000,422.0000000,291534
20220902,000000,422.8000000,424.0000000,415.0000000,419.6000000,434209
20220905,000000,421.6000000,437.4000000,417.6000000,431.6000000,703776
20220906,000000,433.6000000,436.0000000,400.6000000,418.0000000,1013767
20220907,000000,421.8000000,433.8000000,417.6000000,422.0000000,675657
20220908,000000,421.0000000,429.8000000,418.2000000,423.0000000,403754
20220909,000000,424.0000000,439.8000000,424.0000000,437.0000000,697536
20220912,000000,437.4000000,473.8000000,430.2000000,468.0000000,2095870
20220913,000000,469.8000000,474.2000000,455.8000000,461.8000000,1019751
20220914,000000,460.8000000,467.6000000,451.0000000,464.8000000,672927
20220915,000000,466.6000000,487.8000000,466.0000000,484.6000000,1315484
20220916,000000,487.0000000,514.6000000,481.0000000,510.0000000,2599274
20220919,000000,512.0000000,550.2000000,507.0000000,550.2000000,3683963
20220920,000000,550.0000000,559.6000000,460.2000000,493.0000000,12843791
20220921,000000,441.0000000,484.4000000,416.0000000,447.6000000,4870145
20220922,000000,448.2000000,477.8000000,448.2000000,469.6000000,3117183
20220923,000000,470.2000000,472.8000000,406.8000000,419.8000000,3559151
20220926,000000,414.0000000,414.0000000,330.2000000,330.2000000,6703741
20220927,000000,335.2000000,382.2000000,318.4000000,375.4000000,7379992
20220928,000000,375.0000000,389.4000000,345.0000000,362.0000000,5119347
20220929,000000,366.4000000,373.8000000,346.2000000,356.0000000,3062418
20220930,000000,357.2000000,370.0000000,329.0000000,363.2000000,2943042
20221003,000000,370.0000000,394.4000000,366.0000000,392.2000000,2919446
20221004,000000,396.2000000,405.8000000,384.2000000,390.4000000,3638475
20221005,000000,388.0000000,394.0000000,365.2000000,390.0000000,2567210
20221006,000000,393.0000000,399.0000000,385.2000000,386.4000000,1381305
20221007,000000,386.4000000,387.2000000,358.8000000,360.8000000,1533458
20221010,000000,338.8000000,383.6000000,336.6000000,382.4000000,2340342
20221011,000000,383.8000000,408.4000000,380.8000000,403.4000000,1678969
20221012,000000,404.6000000,434.0000000,398.0000000,427.6000000,3040849
20221013,000000,428.0000000,441.2000000,418.2000000,440.0000000,1963147
20221014,000000,449.0000000,451.8000000,426.2000000,439.0000000,1829089
20221017,000000,442.4000000,457.8000000,440.2000000,455.2000000,1735367
20221018,000000,458.8000000,460.0000000,425.2000000,429.2000000,2212401
20221019,000000,429.0000000,439.6000000,414.0000000,436.0000000,2582878
20221020,000000,442.0000000,447.0000000,430.4000000,435.0000000,1195285
20221021,000000,435.6000000,442.0000000,426.0000000,440.6000000,785935
20221024,000000,445.6000000,448.0000000,433.0000000,437.6000000,634365
20221025,000000,434.2000000,452.8000000,418.6000000,448.2000000,1280646
20221026,000000,448.6000000,453.4000000,443.6000000,450.2000000,804026
20221027,000000,452.0000000,456.8000000,438.6000000,446.2000000,942476
20221028,000000,444.6000000,450.8000000,430.8000000,446.4000000,785352
20221031,000000,450.0000000,455.0000000,445.0000000,453.0000000,554463
20221101,000000,454.8000000,468.8000000,453.2000000,468.8000000,1509863
20221102,000000,470.0000000,472.0000000,442.0000000,449.6000000,1263305
20221103,000000,446.2000000,458.4000000,438.2000000,455.4000000,1041634
20221107,000000,464.2000000,470.2000000,459.0000000,469.8000000,868129
20221108,000000,470.4000000,479.6000000,462.4000000,476.2000000,957685
20221109,000000,476.4000000,485.8000000,442.2000000,464.0000000,2017967
20221110,000000,468.0000000,506.8000000,466.4000000,502.4000000,3887267
20221111,000000,504.2000000,506.4000000,490.0000000,499.8000000,1100369
20221114,000000,501.2000000,532.0000000,496.0000000,521.0000000,1604939
20221115,000000,522.2000000,528.6000000,472.2000000,497.8000000,3067972
20221116,000000,501.2000000,512.0000000,495.6000000,508.0000000,891803
20221117,000000,508.2000000,518.6000000,495.8000000,505.2000000,929288
20221118,000000,504.8000000,510.8000000,498.0000000,502.4000000,613419
20221121,000000,502.0000000,502.0000000,481.6000000,489.8000000,1000915
20221122,000000,489.0000000,506.8000000,486.4000000,501.2000000,1083177
20221123,000000,501.2000000,509.0000000,496.0000000,505.6000000,753308
20221124,000000,505.8000000,510.6000000,501.2000000,506.8000000,486167
20221125,000000,505.4000000,507.0000000,497.2000000,498.8000000,348327
20221128,000000,495.4000000,500.2000000,490.4000000,495.8000000,518310
20221129,000000,497.0000000,502.8000000,496.6000000,499.4000000,271460
20221130,000000,499.2000000,510.0000000,496.2000000,506.4000000,297145
20221201,000000,508.0000000,509.0000000,498.2000000,501.8000000,318801
20221202,000000,502.2000000,502.2000000,492.2000000,496.6000000,371943
20221205,000000,495.8000000,503.4000000,492.2000000,498.2000000,364006
20221206,000000,498.8000000,499.6000000,470.0000000,487.8000000,480206
20221207,000000,486.6000000,486.8000000,477.6000000,484.6000000,494847
20221208,000000,485.6000000,488.0000000,471.4000000,474.4000000,617968
20221209,000000,474.0000000,482.8000000,470.2000000,471.2000000,341658
20221212,000000,471.4000000,474.2000000,460.2000000,468.2000000,365274
20221213,000000,469.6000000,470.0000000,458.0000000,463.6000000,355933
20221214,000000,463.6000000,463.6000000,438.4000000,443.0000000,978986
20221215,000000,442.0000000,448.0000000,428.0000000,441.2000000,1088465
20221216,000000,441.2000000,446.8000000,438.0000000,442.6000000,313272
20221219,000000,443.0000000,443.4000000,428.0000000,433.4000000,762038
20221220,000000,430.0000000,452.2000000,428.8000000,449.4000000,828594
20221221,000000,454.8000000,455.0000000,434.0000000,440.0000000,782554
20221222,000000,440.0000000,462.6000000,436.0000000,460.8000000,820467
20221223,000000,459.4000000,469.0000000,448.6000000,451.0000000,962788
20221226,000000,451.6000000,457.6000000,445.0000000,452.6000000,454010
20221227,000000,452.8000000,457.2000000,449.0000000,453.2000000,412757
20221228,000000,453.6000000,453.6000000,438.4000000,440.6000000,432264
20221229,000000,440.6000000,446.4000000,437.2000000,441.6000000,361906
20221230,000000,440.0000000,442.6000000,432.6000000,437.0000000,385600
20230103,000000,438.4000000,454.6000000,435.8000000,446.8000000,323209
20230104,000000,448.0000000,459.4000000,442.6000000,451.2000000,343188
20230105,000000,452.4000000,456.4000000,450.0000000,450.6000000,279101
20230106,000000,451.0000000,451.0000000,442.4000000,446.6000000,153993
20230109,000000,449.0000000,453.4000000,446.6000000,451.0000000,189917
20230110,000000,450.4000000,451.0000000,445.8000000,449.8000000,174675
20230111,000000,450.8000000,466.0000000,450.0000000,462.8000000,846312
20230112,000000,463.4000000,472.0000000,457.0000000,469.4000000,469198
20230113,000000,469.6000000,476.4000000,466.0000000,473.4000000,561277
20230116,000000,479.6000000,491.8000000,476.4000000,489.8000000,944993
20230117,000000,490.6000000,492.0000000,471.0000000,474.2000000,940555
20230118,000000,475.4000000,483.2000000,465.0000000,476.8000000,593846
20230119,000000,475.8000000,480.0000000,466.8000000,467.6000000,380726
20230120,000000,468.0000000,472.2000000,461.0000000,468.2000000,272735
20230123,000000,469.8000000,482.8000000,469.0000000,482.0000000,583967
20230124,000000,484.2000000,484.8000000,473.0000000,474.4000000,463506
20230125,000000,472.6000000,478.4000000,471.0000000,478.4000000,296007
20230126,000000,479.0000000,480.0000000,474.0000000,476.2000000,162368
20230127,000000,476.0000000,480.0000000,468.2000000,475.0000000,331919
20230130,000000,477.8000000,483.2000000,474.2000000,482.2000000,412194
20230131,000000,483.2000000,492.6000000,482.2000000,488.2000000,942039
20230201,000000,490.6000000,497.0000000,480.2000000,488.8000000,933252
20230202,000000,493.8000000,501.0000000,486.6000000,492.0000000,606076
20230203,000000,491.6000000,491.6000000,481.6000000,485.2000000,342072
20230206,000000,486.8000000,495.0000000,485.6000000,493.4000000,354841
20230207,000000,494.4000000,499.4000000,487.2000000,490.8000000,464387
20230208,000000,491.0000000,491.8000000,480.8000000,487.6000000,418853
20230209,000000,487.6000000,487.6000000,476.0000000,482.0000000,362269
20230210,000000,480.0000000,482.2000000,478.2000000,481.0000000,168540
20230213,000000,483.2000000,490.8000000,481.2000000,482.4000000,382081
20230214,000000,483.2000000,505.0000000,482.6000000,485.6000000,2532383
20230215,000000,483.0000000,483.4000000,451.0000000,460.0000000,2304801
20230216,000000,462.0000000,468.8000000,452.0000000,456.4000000,746927
20230217,000000,455.2000000,461.0000000,451.2000000,456.4000000,441607
20230220,000000,460.0000000,460.6000000,446.0000000,456.4000000,580032
20230221,000000,459.8000000,479.8000000,457.2000000,468.2000000,940762
20230222,000000,470.0000000,470.4000000,463.2000000,465.4000000,229008
20230224,000000,465.0000000,473.6000000,464.4000000,473.4000000,413107
20230227,000000,461.8000000,479.4000000,452.2000000,476.6000000,827063
20230228,000000,479.4000000,482.2000000,471.0000000,475.6000000,496215
20230301,000000,479.0000000,490.8000000,476.0000000,487.2000000,1281185
20230302,000000,488.0000000,488.6000000,468.0000000,475.2000000,842870
20230303,000000,477.0000000,481.8000000,476.6000000,479.8000000,315754
20230306,000000,483.4000000,490.0000000,482.2000000,489.8000000,351951
20230307,000000,490.6000000,492.8000000,483.2000000,486.8000000,287812
20230309,000000,486.6000000,489.6000000,479.0000000,488.6000000,448156
20230310,000000,486.2000000,487.8000000,481.8000000,485.6000000,312745
20230313,000000,485.8000000,502.2000000,485.8000000,497.8000000,1170453
20230314,000000,499.6000000,514.0000000,498.0000000,507.2000000,1395003
20230315,000000,508.0000000,512.0000000,497.6000000,501.2000000,1090501
20230316,000000,502.0000000,507.2000000,477.4000000,485.2000000,1906856
20230317,000000,486.2000000,490.4000000,479.2000000,482.4000000,726238
20230320,000000,482.4000000,485.8000000,475.0000000,484.2000000,743351
20230321,000000,484.6000000,488.0000000,476.0000000,480.6000000,601784
20230322,000000,480.2000000,481.0000000,475.2000000,478.0000000,259933
20230323,000000,477.8000000,480.4000000,477.2000000,478.0000000,117773
20230324,000000,479.8000000,480.0000000,477.4000000,478.8000000,175337
20230327,000000,479.4000000,486.0000000,479.0000000,485.6000000,413718
20230328,000000,489.0000000,491.6000000,480.2000000,483.2000000,529968
20230329,000000,484.8000000,485.6000000,480.2000000,483.4000000,327857
20230330,000000,484.0000000,487.6000000,481.2000000,485.6000000,299018
20230331,000000,487.0000000,487.4000000,477.0000000,480.8000000,542157
20230403,000000,482.6000000,485.2000000,476.4000000,481.6000000,339574
20230404,000000,482.0000000,482.2000000,468.0000000,471.4000000,1185589
20230405,000000,472.0000000,472.0000000,463.4000000,467.8000000,764831
20230406,000000,470.4000000,470.8000000,461.6000000,464.0000000,775746
20230407,000000,464.0000000,465.4000000,459.0000000,461.2000000,830905
20230410,000000,461.6000000,478.8000000,461.0000000,478.6000000,1485963
20230411,000000,480.0000000,484.0000000,463.0000000,467.0000000,1686681
20230412,000000,469.0000000,480.0000000,465.2000000,474.4000000,826071
20230413,000000,475.2000000,477.6000000,467.6000000,470.6000000,341612
20230414,000000,471.2000000,471.6000000,467.2000000,471.6000000,246676
20230417,000000,475.0000000,475.0000000,472.2000000,474.6000000,66605
